id,username,full_name,is_private,is_verified,profile_pic,is_business,is_professional,scraped_at,bio,followers_count,following_count,posts_count
60840671468,loa_sza,☪ 𝑍𝑢𝑟𝑦 𝐿𝑜𝑎𝑒𝑧𝑎,True,False,https://instagram.fscl36-1.fna.fbcdn.net/v/t51.2885-19/573323465_1219825463302212_7278921664109726296_n.png?stp=dst-webp&efg=eyJ2ZW5jb2RlX3RhZyI6InByb2ZpbGVfcGljLmRqYW5nby4xNTAuYzIifQ&_nc_ht=instagram.fscl36-1.fna.fbcdn.net&_nc_cat=1&_nc_oc=Q6cZ2gFDXTaWFurfUqzMJ6pb-rjQjlGbR08vkbBvEWlPsZ1Bpq-Y5WTMUMctFF2rDhKELEU&_nc_ohc=hNlsx_tT3GgQ7kNvwG2ctPb&_nc_gid=0AJcVBllNfuhE8Nck7DELw&edm=AL4D0a4BAAAA&ccb=7-5&ig_cache_key=YW5vbnltb3VzX3Byb2ZpbGVfcGlj.3-ccb7-5&oh=00_Af1VRLSt3pNEC1SVDCo1_H8am2XfAQRNBcSn_xGnlQquVQ&oe=69F1BEEA&_nc_sid=9e8221,,,2026-04-24T17:12:58.161557,,808,118,0
78610677447,x.nmlax,ܔܢܜܔ,True,False,https://instagram.fuio7-1.fna.fbcdn.net/v/t51.82787-19/673006317_17863070817621448_5471914341275316996_n.jpg?stp=dst-jpg_s150x150_tt6&efg=eyJ2ZW5jb2RlX3RhZyI6InByb2ZpbGVfcGljLmRqYW5nby44MTAuYzIifQ&_nc_ht=instagram.fuio7-1.fna.fbcdn.net&_nc_cat=104&_nc_oc=Q6cZ2gHdpeTcRzRBHVyBqmdEHup3KMEFbkqduUIwLrUhUyhqzWpTGoaNdxHAtLeqozfft-yAHAFMKe7khfoih-v4LbF1&_nc_ohc=MzURnNCXYJYQ7kNvwE5uZL3&_nc_gid=gZ_BIEjFYziVne_L2GBt5g&edm=APQMUHMBAAAA&ccb=7-5&oh=00_Af1VhH6vb_ekq7oH4TJuwzr0pKwMMsLmaFrbd3UWqucnUg&oe=69F1B712&_nc_sid=6ff7c8,,,2026-04-24T17:12:59.555945,"@lizzx_rm 💗🫶🏼
🌴
@dann_alexa_m 
@_.676712",20,135,0
74745535497,belen.softpriv,soft vibes Belén ☁️,True,False,https://instagram.fuio7-1.fna.fbcdn.net/v/t51.82787-19/671081838_17886635946495498_8114914400311116620_n.jpg?stp=dst-jpg_s150x150_tt6&efg=eyJ2ZW5jb2RlX3RhZyI6InByb2ZpbGVfcGljLmRqYW5nby4xMDgwLmMyIn0&_nc_ht=instagram.fuio7-1.fna.fbcdn.net&_nc_cat=106&_nc_oc=Q6cZ2gHdpeTcRzRBHVyBqmdEHup3KMEFbkqduUIwLrUhUyhqzWpTGoaNdxHAtLeqozfft-yAHAFMKe7khfoih-v4LbF1&_nc_ohc=K6V1UzG8yCkQ7kNvwFq1U4m&_nc_gid=gZ_BIEjFYziVne_L2GBt5g&edm=APQMUHMBAAAA&ccb=7-5&oh=00_Af1sdVUntpUOrWfyza18L-Trp-f2JZkqiJb7MrzpeEKFuw&oe=69F1AB85&_nc_sid=6ff7c8,,,2026-04-24T17:13:00.866308,01:00 thinking of you ☁️💗,10,18,0
80558737277,dani_salazar009,Dani,False,False,https://instagram.fuio7-1.fna.fbcdn.net/v/t51.82787-19/670901812_17861337315681278_3690584128843655898_n.jpg?stp=dst-jpg_s150x150_tt6&efg=eyJ2ZW5jb2RlX3RhZyI6InByb2ZpbGVfcGljLmRqYW5nby4xMDgwLmMyIn0&_nc_ht=instagram.fuio7-1.fna.fbcdn.net&_nc_cat=102&_nc_oc=Q6cZ2gHdpeTcRzRBHVyBqmdEHup3KMEFbkqduUIwLrUhUyhqzWpTGoaNdxHAtLeqozfft-yAHAFMKe7khfoih-v4LbF1&_nc_ohc=e98yw17ZIpsQ7kNvwHD2enb&_nc_gid=gZ_BIEjFYziVne_L2GBt5g&edm=APQMUHMBAAAA&ccb=7-5&oh=00_Af2bI1fLnSFUBYpKffTMrFHn3Q9JpQdXve4kNpFhKJ4lWg&oe=69F1D5C0&_nc_sid=6ff7c8,,,2026-04-24T17:13:02.318106,,9,99,0
28580453893,softbloomluna,Luna Soft Bloom,False,False,https://instagram.fuio7-1.fna.fbcdn.net/v/t51.82787-19/673830139_18093385762957894_5886478215354197666_n.jpg?stp=dst-jpg_s150x150_tt6&efg=eyJ2ZW5jb2RlX3RhZyI6InByb2ZpbGVfcGljLmRqYW5nby4xMDgwLmMyIn0&_nc_ht=instagram.fuio7-1.fna.fbcdn.net&_nc_cat=110&_nc_oc=Q6cZ2gHdpeTcRzRBHVyBqmdEHup3KMEFbkqduUIwLrUhUyhqzWpTGoaNdxHAtLeqozfft-yAHAFMKe7khfoih-v4LbF1&_nc_ohc=aer-rfrzUF4Q7kNvwECLXH7&_nc_gid=gZ_BIEjFYziVne_L2GBt5g&edm=APQMUHMBAAAA&ccb=7-5&oh=00_Af2sIY6gIqG6dRHaTm7i3G45bGgV8zk96YGhjnR_rRb01w&oe=69F1C81F&_nc_sid=6ff7c8,,,2026-04-24T17:13:03.631838,"​🧬 Skincare con ciencia real, humor y resultados en mi propia piel.
✨ Rutinas, ingredientes y lo que tu piel necesita.
📌 Únete al proceso aquí 🤍",3,77,0
